{
	"ethene": {
		"charge": 0,
		"multiplicity": 1,
		"n_atoms": 6,
		"n_electrons": 16,
		"n_core_orbitals": 2,
		"n_states": {
			"n_singlets": ,
			"n_triplets": 
		},
		"xyz_unit": "Bohr",
		"xyz": [
			"H   0.000000   0.923274   1.238289",
			"H   0.000000  -0.923274   1.238289",
			"H   0.000000   0.923274  -1.238289",
			"H   0.000000  -0.923274  -1.238289",
			"C   0.000000   0.000000   0.668188",
			"C   0.000000   0.000000  -0.668188"
		],
		"properties": {
		
		}
	},
	"butadiene": {
		"charge": 0,
		"multiplicity": 1,
		"n_atoms": 10,
		"n_electrons": 30,
		"n_core_orbitals": 4,
		"n_states": {
			"n_singlets": ,
			"n_triplets": 
		},
		"xyz_unit": "Bohr",
		"xyz": [
			"H   1.080977  -2.558832   0.000000",
			"H  -1.080977   2.558832   0.000000",
			"H   2.103773  -1.017723   0.000000",
			"H  -2.103773   1.017723   0.000000",
			"H  -0.973565  -1.219040   0.000000",
			"H   0.973565   1.219040   0.000000",
			"C   0.000000   0.728881   0.000000",
			"C   0.000000  -0.728881   0.000000",
			"C   1.117962  -1.474815   0.000000",
			"C  -1.117962   1.474815   0.000000"
		],
		"properties": {
		
		}
	},
	"hexatriene": {
		"charge": 0,
		"multiplicity": 1,
		"n_atoms": 14,
		"n_electrons": 44,
		"n_core_orbitals": 6,
		"n_states": {
			"n_singlets": ,
			"n_triplets": 
		},
		"xyz_unit": "Bohr",
		"xyz": [
			"H  -0.953777   1.207691   0.000000",
			"H   0.953777  -1.207691   0.000000",
			"H   2.155816   0.952317   0.000000",
			"H  -2.155816  -0.952317   0.000000",
			"H   2.125769   3.402692   0.000000",
			"H  -2.125769  -3.402692   0.000000",
			"H   0.275642   3.397162   0.000000",
			"H  -0.275642  -3.397162   0.000000",
			"C   0.000000   0.676808   0.000000",
			"C   0.000000  -0.676808   0.000000",
			"C   1.204938   1.485654   0.000000",
			"C  -1.204938  -1.485654   0.000000",
			"C   1.203567   2.831663   0.000000",
			"C  -1.203567  -2.831663   0.000000"
		],
		"properties": {
		
		}
	},
